Machine Module,SMS3032XP,3.2.2.6.2R10
Y Axis Scale,LOG
Y Axis Unit,dBm
Impedance,50
Number of Points,751
PreAmp State,OFF
Ref Level,+0.000000000E+00
Attenuation,20.000000,Auto
Sweep Time,44032.000000,Auto
Start Frequency,+1.000000000E+08
Stop Frequency,+3.000000000E+08
Average Type,Log Pwr
RBW,1000000.000000,Auto
VBW,1000000.000000,Auto
Sweep Type,Continuous
Sweep Mode,Speed
Sweep Rule,Auto
Trigger Source,Free Run
Trigger Level,+0.000000000E+00
Trigger Edge,Rise
Marker,1,2,3,4,5,6,7,8
Marker Type,Fixed,Off,Off,Off,Off,Off,Off,Off
Marker on Trace,A,,,,,,,
Marker Read Out,Frequency,,,,,,,
Marker X Axis,198133333.33333334,,,,,,,
Marker Ampt,-62.26877081,,,,,,,
Trace Math,OFF
Trace Variable X,Trace A
Trace Variable Y,Trace B
Trace Variable Z,Trace C
Trace Name,Trace A
Trace Type,Clear Write
Trace Detector,Pos Peak
Trace Data
100000000,-62.45
100266667,-61.96
100533333,-62.25
100800000,-63.87
101066667,-62.34
101333333,-60.71
101600000,-60.21
101866667,-61.34
102133333,-64.40
102400000,-64.55
102666667,-63.83
102933333,-62.10
103200000,-66.89
103466667,-65.19
103733333,-62.12
104000000,-64.23
104266667,-61.92
104533333,-62.12
104800000,-64.77
105066667,-63.14
105333333,-58.80
105600000,-57.80
105866667,-61.88
106133333,-62.29
106400000,-61.30
106666667,-61.49
106933333,-60.78
107200000,-64.48
107466667,-64.12
107733333,-61.83
108000000,-60.50
108266667,-62.07
108533333,-68.44
108800000,-64.82
109066667,-60.66
109333333,-58.22
109600000,-65.84
109866667,-63.08
110133333,-67.26
110400000,-63.26
110666667,-62.08
110933333,-62.70
111200000,-63.11
111466667,-59.27
111733333,-57.94
112000000,-60.01
112266667,-59.94
112533333,-60.66
112800000,-59.67
113066667,-60.53
113333333,-62.83
113600000,-66.59
113866667,-66.84
114133333,-60.77
114400000,-61.06
114666667,-62.87
114933333,-61.45
115200000,-60.69
115466667,-58.97
115733333,-63.74
116000000,-61.89
116266667,-60.05
116533333,-61.83
116800000,-63.28
117066667,-61.38
117333333,-62.11
117600000,-63.21
117866667,-64.69
118133333,-58.77
118400000,-62.29
118666667,-61.27
118933333,-60.74
119200000,-58.74
119466667,-61.29
119733333,-60.42
120000000,-59.55
120266667,-59.00
120533333,-58.94
120800000,-58.98
121066667,-60.74
121333333,-65.47
121600000,-62.33
121866667,-58.92
122133333,-61.17
122400000,-60.17
122666667,-60.60
122933333,-60.91
123200000,-60.56
123466667,-61.22
123733333,-60.11
124000000,-59.73
124266667,-63.50
124533333,-58.74
124800000,-61.42
125066667,-66.80
125333333,-59.61
125600000,-58.55
125866667,-61.77
126133333,-61.61
126400000,-60.56
126666667,-60.45
126933333,-56.77
127200000,-62.22
127466667,-60.48
127733333,-60.11
128000000,-61.54
128266667,-56.35
128533333,-62.18
128800000,-65.72
129066667,-63.00
129333333,-63.08
129600000,-60.38
129866667,-59.95
130133333,-65.27
130400000,-60.00
130666667,-57.63
130933333,-60.28
131200000,-59.91
131466667,-62.44
131733333,-60.47
132000000,-59.14
132266667,-64.76
132533333,-63.76
132800000,-60.61
133066667,-64.59
133333333,-60.65
133600000,-72.41
133866667,-66.28
134133333,-64.76
134400000,-63.76
134666667,-64.39
134933333,-61.00
135200000,-61.05
135466667,-61.16
135733333,-59.29
136000000,-67.39
136266667,-63.97
136533333,-59.17
136800000,-60.38
137066667,-59.18
137333333,-58.24
137600000,-62.87
137866667,-62.00
138133333,-61.36
138400000,-60.09
138666667,-59.93
138933333,-61.77
139200000,-63.16
139466667,-67.08
139733333,-61.82
140000000,-64.01
140266667,-69.07
140533333,-63.63
140800000,-58.51
141066667,-61.13
141333333,-59.68
141600000,-64.42
141866667,-60.12
142133333,-59.11
142400000,-63.45
142666667,-63.14
142933333,-61.76
143200000,-63.16
143466667,-61.47
143733333,-61.75
144000000,-62.24
144266667,-62.46
144533333,-64.91
144800000,-61.59
145066667,-64.34
145333333,-61.39
145600000,-64.19
145866667,-59.54
146133333,-65.49
146400000,-66.16
146666667,-63.11
146933333,-64.59
147200000,-59.11
147466667,-60.12
147733333,-61.52
148000000,-57.10
148266667,-57.96
148533333,-60.56
148800000,-65.69
149066667,-61.23
149333333,-66.16
149600000,-59.33
149866667,-62.37
150133333,-58.50
150400000,-61.31
150666667,-60.29
150933333,-60.80
151200000,-55.72
151466667,-60.82
151733333,-57.40
152000000,-62.44
152266667,-61.05
152533333,-61.60
152800000,-62.17
153066667,-58.90
153333333,-66.89
153600000,-62.31
153866667,-61.89
154133333,-63.95
154400000,-63.73
154666667,-63.26
154933333,-60.38
155200000,-59.02
155466667,-60.93
155733333,-57.85
156000000,-62.01
156266667,-60.64
156533333,-62.98
156800000,-62.10
157066667,-64.86
157333333,-59.77
157600000,-62.67
157866667,-63.58
158133333,-59.61
158400000,-60.80
158666667,-61.45
158933333,-57.05
159200000,-63.73
159466667,-57.12
159733333,-63.05
160000000,-60.18
160266667,-58.45
160533333,-64.06
160800000,-67.75
161066667,-56.29
161333333,-64.55
161600000,-60.75
161866667,-61.45
162133333,-63.04
162400000,-58.04
162666667,-62.04
162933333,-61.86
163200000,-63.74
163466667,-66.56
163733333,-64.41
164000000,-63.36
164266667,-62.18
164533333,-63.33
164800000,-64.41
165066667,-60.59
165333333,-59.88
165600000,-57.74
165866667,-61.66
166133333,-62.42
166400000,-61.18
166666667,-63.89
166933333,-61.05
167200000,-65.14
167466667,-65.15
167733333,-63.95
168000000,-61.76
168266667,-62.39
168533333,-59.54
168800000,-62.12
169066667,-63.78
169333333,-62.71
169600000,-63.11
169866667,-61.87
170133333,-60.09
170400000,-59.90
170666667,-63.13
170933333,-63.57
171200000,-59.02
171466667,-60.23
171733333,-59.23
172000000,-60.30
172266667,-59.33
172533333,-65.29
172800000,-63.49
173066667,-59.55
173333333,-62.92
173600000,-59.32
173866667,-62.37
174133333,-60.10
174400000,-63.26
174666667,-58.66
174933333,-61.45
175200000,-62.12
175466667,-61.32
175733333,-61.28
176000000,-62.83
176266667,-63.12
176533333,-63.41
176800000,-59.40
177066667,-56.92
177333333,-56.36
177600000,-59.22
177866667,-60.72
178133333,-60.43
178400000,-62.33
178666667,-66.62
178933333,-64.41
179200000,-61.54
179466667,-60.74
179733333,-59.56
180000000,-57.93
180266667,-61.07
180533333,-61.03
180800000,-63.70
181066667,-58.59
181333333,-62.91
181600000,-60.72
181866667,-60.20
182133333,-63.07
182400000,-62.91
182666667,-62.45
182933333,-61.61
183200000,-60.33
183466667,-58.94
183733333,-58.50
184000000,-58.88
184266667,-63.17
184533333,-67.17
184800000,-64.62
185066667,-61.73
185333333,-62.87
185600000,-60.14
185866667,-61.39
186133333,-64.49
186400000,-60.91
186666667,-61.41
186933333,-62.37
187200000,-60.52
187466667,-57.51
187733333,-63.34
188000000,-58.68
188266667,-59.45
188533333,-61.38
188800000,-56.82
189066667,-65.11
189333333,-58.88
189600000,-62.42
189866667,-64.57
190133333,-60.28
190400000,-60.62
190666667,-60.61
190933333,-60.90
191200000,-63.86
191466667,-56.37
191733333,-57.63
192000000,-61.82
192266667,-61.30
192533333,-60.11
192800000,-59.94
193066667,-60.57
193333333,-59.36
193600000,-63.28
193866667,-59.69
194133333,-60.19
194400000,-61.20
194666667,-63.46
194933333,-60.39
195200000,-61.19
195466667,-65.27
195733333,-61.15
196000000,-59.90
196266667,-63.78
196533333,-59.40
196800000,-60.00
197066667,-56.88
197333333,-64.15
197600000,-59.54
197866667,-62.22
198133333,-62.27
198400000,-61.46
198666667,-61.05
198933333,-59.47
199200000,-59.60
199466667,-59.71
199733333,-61.64
200000000,-60.02
200266667,-60.23
200533333,-64.86
200800000,-63.61
201066667,-59.65
201333333,-59.67
201600000,-59.12
201866667,-57.15
202133333,-59.63
202400000,-62.63
202666667,-62.46
202933333,-59.87
203200000,-63.64
203466667,-61.92
203733333,-59.35
204000000,-58.18
204266667,-62.52
204533333,-59.15
204800000,-59.61
205066667,-59.53
205333333,-60.96
205600000,-60.13
205866667,-64.70
206133333,-59.45
206400000,-61.95
206666667,-65.96
206933333,-69.30
207200000,-60.90
207466667,-62.53
207733333,-60.91
208000000,-63.14
208266667,-61.50
208533333,-59.45
208800000,-61.37
209066667,-60.77
209333333,-64.52
209600000,-61.98
209866667,-65.15
210133333,-60.92
210400000,-60.54
210666667,-58.99
210933333,-63.54
211200000,-61.16
211466667,-64.00
211733333,-63.38
212000000,-63.88
212266667,-61.50
212533333,-59.45
212800000,-62.07
213066667,-60.09
213333333,-61.89
213600000,-61.01
213866667,-60.45
214133333,-62.67
214400000,-58.97
214666667,-56.27
214933333,-58.18
215200000,-61.49
215466667,-57.90
215733333,-58.71
216000000,-59.58
216266667,-65.28
216533333,-62.98
216800000,-63.06
217066667,-60.67
217333333,-58.85
217600000,-60.20
217866667,-61.90
218133333,-65.22
218400000,-56.67
218666667,-61.14
218933333,-63.79
219200000,-63.22
219466667,-61.68
219733333,-59.54
220000000,-59.63
220266667,-59.08
220533333,-61.07
220800000,-57.46
221066667,-56.94
221333333,-57.74
221600000,-61.59
221866667,-64.27
222133333,-59.28
222400000,-63.86
222666667,-69.32
222933333,-60.45
223200000,-56.95
223466667,-59.59
223733333,-59.79
224000000,-60.74
224266667,-58.56
224533333,-60.71
224800000,-63.12
225066667,-59.89
225333333,-61.01
225600000,-62.14
225866667,-60.96
226133333,-59.85
226400000,-61.49
226666667,-62.84
226933333,-58.27
227200000,-60.91
227466667,-62.26
227733333,-60.14
228000000,-68.65
228266667,-63.83
228533333,-60.54
228800000,-62.65
229066667,-57.85
229333333,-63.99
229600000,-64.84
229866667,-59.47
230133333,-61.37
230400000,-60.18
230666667,-61.57
230933333,-59.75
231200000,-63.90
231466667,-66.98
231733333,-62.44
232000000,-63.49
232266667,-61.32
232533333,-60.15
232800000,-61.09
233066667,-60.25
233333333,-60.28
233600000,-62.30
233866667,-64.02
234133333,-63.34
234400000,-62.23
234666667,-61.65
234933333,-62.23
235200000,-59.79
235466667,-59.06
235733333,-61.39
236000000,-63.45
236266667,-60.39
236533333,-65.78
236800000,-59.28
237066667,-61.10
237333333,-59.14
237600000,-64.84
237866667,-60.04
238133333,-61.32
238400000,-61.60
238666667,-60.78
238933333,-58.10
239200000,-59.75
239466667,-61.63
239733333,-58.86
240000000,-63.37
240266667,-60.09
240533333,-60.58
240800000,-60.95
241066667,-64.81
241333333,-59.65
241600000,-60.20
241866667,-61.98
242133333,-63.74
242400000,-64.50
242666667,-65.75
242933333,-57.69
243200000,-57.47
243466667,-62.61
243733333,-58.29
244000000,-59.41
244266667,-59.40
244533333,-60.07
244800000,-61.31
245066667,-66.38
245333333,-64.22
245600000,-64.04
245866667,-56.61
246133333,-59.33
246400000,-58.18
246666667,-61.97
246933333,-58.68
247200000,-61.52
247466667,-69.34
247733333,-62.25
248000000,-61.59
248266667,-62.15
248533333,-59.92
248800000,-61.19
249066667,-60.33
249333333,-58.02
249600000,-60.13
249866667,-64.07
250133333,-63.08
250400000,-64.95
250666667,-59.30
250933333,-61.59
251200000,-62.16
251466667,-59.69
251733333,-62.74
252000000,-61.14
252266667,-63.78
252533333,-59.32
252800000,-63.66
253066667,-67.12
253333333,-63.22
253600000,-61.60
253866667,-61.66
254133333,-60.61
254400000,-61.20
254666667,-61.35
254933333,-59.75
255200000,-58.12
255466667,-62.26
255733333,-60.16
256000000,-62.98
256266667,-62.22
256533333,-60.06
256800000,-60.11
257066667,-63.52
257333333,-58.30
257600000,-62.50
257866667,-60.41
258133333,-58.86
258400000,-63.81
258666667,-64.63
258933333,-62.13
259200000,-58.01
259466667,-60.21
259733333,-60.70
260000000,-58.88
260266667,-62.38
260533333,-59.76
260800000,-67.10
261066667,-60.09
261333333,-62.19
261600000,-58.84
261866667,-63.63
262133333,-63.04
262400000,-63.25
262666667,-64.88
262933333,-59.91
263200000,-63.16
263466667,-61.07
263733333,-59.78
264000000,-67.57
264266667,-59.09
264533333,-60.91
264800000,-62.88
265066667,-58.68
265333333,-58.22
265600000,-60.56
265866667,-59.90
266133333,-64.16
266400000,-61.40
266666667,-60.22
266933333,-61.23
267200000,-63.56
267466667,-58.55
267733333,-60.05
268000000,-61.45
268266667,-59.27
268533333,-62.69
268800000,-60.25
269066667,-62.74
269333333,-60.78
269600000,-59.79
269866667,-59.44
270133333,-66.62
270400000,-59.64
270666667,-67.58
270933333,-64.12
271200000,-60.86
271466667,-60.91
271733333,-58.78
272000000,-60.62
272266667,-57.60
272533333,-62.54
272800000,-61.24
273066667,-62.69
273333333,-60.43
273600000,-61.68
273866667,-63.56
274133333,-61.87
274400000,-62.91
274666667,-64.82
274933333,-63.28
275200000,-60.29
275466667,-60.29
275733333,-60.47
276000000,-60.59
276266667,-63.37
276533333,-62.40
276800000,-60.86
277066667,-64.98
277333333,-65.70
277600000,-63.11
277866667,-63.70
278133333,-62.68
278400000,-60.03
278666667,-62.12
278933333,-64.93
279200000,-60.14
279466667,-59.70
279733333,-61.36
280000000,-62.06
280266667,-61.24
280533333,-64.68
280800000,-62.60
281066667,-61.86
281333333,-61.44
281600000,-61.88
281866667,-58.56
282133333,-66.64
282400000,-57.37
282666667,-60.86
282933333,-59.34
283200000,-60.32
283466667,-59.48
283733333,-57.85
284000000,-64.97
284266667,-61.99
284533333,-60.68
284800000,-59.81
285066667,-63.32
285333333,-59.11
285600000,-63.00
285866667,-62.42
286133333,-62.66
286400000,-63.44
286666667,-65.69
286933333,-62.12
287200000,-63.32
287466667,-61.87
287733333,-62.07
288000000,-61.55
288266667,-64.57
288533333,-63.78
288800000,-62.53
289066667,-64.56
289333333,-62.02
289600000,-58.97
289866667,-62.74
290133333,-61.70
290400000,-60.71
290666667,-61.98
290933333,-65.72
291200000,-60.38
291466667,-58.06
291733333,-60.20
292000000,-59.58
292266667,-62.92
292533333,-59.61
292800000,-58.37
293066667,-62.38
293333333,-58.92
293600000,-64.71
293866667,-60.14
294133333,-64.18
294400000,-61.81
294666667,-64.48
294933333,-60.85
295200000,-62.86
295466667,-60.34
295733333,-67.58
296000000,-62.14
296266667,-61.13
296533333,-63.66
296800000,-59.73
297066667,-59.00
297333333,-62.52
297600000,-63.15
297866667,-62.75
298133333,-58.62
298400000,-66.78
298666667,-61.25
298933333,-62.26
299200000,-57.90
299466667,-61.50
299733333,-65.28
300000000,-62.40
Trace Name,Trace B
Trace Type,Blank
Trace Name,Trace C
Trace Type,Blank
Trace Name,Trace D
Trace Type,Blank
